feature,importance
skgoals,0.29229098076348875
games_played,0.2858703461579907
skplusmin,0.18956813876335882
points,0.12645446794203424
skassists,0.1058160663731274
